data//inference18\Karma21crop_0.jpg,data//inference18\Karma21crop_0.png
data//inference18\Karma21crop_1.jpg,data//inference18\Karma21crop_1.png
data//inference18\Karma21crop_10.jpg,data//inference18\Karma21crop_10.png
data//inference18\Karma21crop_11.jpg,data//inference18\Karma21crop_11.png
data//inference18\Karma21crop_12.jpg,data//inference18\Karma21crop_12.png
data//inference18\Karma21crop_13.jpg,data//inference18\Karma21crop_13.png
data//inference18\Karma21crop_14.jpg,data//inference18\Karma21crop_14.png
data//inference18\Karma21crop_15.jpg,data//inference18\Karma21crop_15.png
data//inference18\Karma21crop_16.jpg,data//inference18\Karma21crop_16.png
data//inference18\Karma21crop_17.jpg,data//inference18\Karma21crop_17.png
data//inference18\Karma21crop_18.jpg,data//inference18\Karma21crop_18.png
data//inference18\Karma21crop_19.jpg,data//inference18\Karma21crop_19.png
data//inference18\Karma21crop_2.jpg,data//inference18\Karma21crop_2.png
data//inference18\Karma21crop_20.jpg,data//inference18\Karma21crop_20.png
data//inference18\Karma21crop_21.jpg,data//inference18\Karma21crop_21.png
data//inference18\Karma21crop_22.jpg,data//inference18\Karma21crop_22.png
data//inference18\Karma21crop_23.jpg,data//inference18\Karma21crop_23.png
data//inference18\Karma21crop_24.jpg,data//inference18\Karma21crop_24.png
data//inference18\Karma21crop_25.jpg,data//inference18\Karma21crop_25.png
data//inference18\Karma21crop_26.jpg,data//inference18\Karma21crop_26.png
data//inference18\Karma21crop_27.jpg,data//inference18\Karma21crop_27.png
data//inference18\Karma21crop_28.jpg,data//inference18\Karma21crop_28.png
data//inference18\Karma21crop_29.jpg,data//inference18\Karma21crop_29.png
data//inference18\Karma21crop_3.jpg,data//inference18\Karma21crop_3.png
data//inference18\Karma21crop_30.jpg,data//inference18\Karma21crop_30.png
data//inference18\Karma21crop_31.jpg,data//inference18\Karma21crop_31.png
data//inference18\Karma21crop_32.jpg,data//inference18\Karma21crop_32.png
data//inference18\Karma21crop_33.jpg,data//inference18\Karma21crop_33.png
data//inference18\Karma21crop_34.jpg,data//inference18\Karma21crop_34.png
data//inference18\Karma21crop_35.jpg,data//inference18\Karma21crop_35.png
data//inference18\Karma21crop_4.jpg,data//inference18\Karma21crop_4.png
data//inference18\Karma21crop_5.jpg,data//inference18\Karma21crop_5.png
data//inference18\Karma21crop_6.jpg,data//inference18\Karma21crop_6.png
data//inference18\Karma21crop_7.jpg,data//inference18\Karma21crop_7.png
data//inference18\Karma21crop_8.jpg,data//inference18\Karma21crop_8.png
data//inference18\Karma21crop_9.jpg,data//inference18\Karma21crop_9.png
